n_dso,profile,ts_load_factor,dso_position,pcc_index_zero_based,pcc_bus_number,condition,coverage_percent,undercoverage_percent,overcoverage_percent,pinn_p_pu_dsbase,pinn_q_pu_dsbase,true_p_pu_dsbase,true_q_pu_dsbase,pinn_true_interface_distance_pu,disaggregation_squared_error,disaggregation_feasible,disaggregation_optimization_success,disaggregation_termination,disaggregation_solve_time_s
10,target_P10,0.9,1,59,60,P10,86.79891129115522,13.201088708844766,0.0,0.2947169314473907,0.18760438647685357,0.2880887093629705,0.19200528587672339,0.007956207861046009,5.4198489524630164e-11,True,True,optimal,0.31513489999997546
10,target_P10,0.9,2,77,78,P10,86.79891129115522,13.201088708844766,0.0,0.29471693185909276,0.18760441159717153,0.28814120238158014,0.20231546851790236,0.016113826792118955,5.41981583814538e-11,True,True,optimal,0.30281330000025264
10,target_P10,0.9,3,10,11,P10,86.79891129115522,13.201088708844766,0.0,0.294716931400455,0.18760438475235514,0.28808870148973154,0.19200014008875313,0.007953370148992242,5.419851256539059e-11,True,True,optimal,0.33416680000027554
10,target_P10,0.9,4,81,82,P10,86.79891129115522,13.201088708844766,0.0,0.29471693108097063,0.18760436232351507,0.288102992645375,0.19136293169368274,0.007607300792016316,5.419880743959635e-11,True,True,optimal,0.3100383000000875
10,target_P10,0.9,5,44,45,P30,87.92401346901782,12.07598653098216,0.0,0.3086619749839432,0.17325903084653735,0.30287609453062414,0.1853102159543112,0.013368151522253563,4.736801561722374e-11,True,True,optimal,0.3812216000001172
10,target_P10,0.9,6,94,95,P10,86.79891129115522,13.201088708844766,0.0,0.29471693110631014,0.1876043591440468,0.28813806571502365,0.19083254116903536,0.0073282077633706885,5.419884807783879e-11,True,True,optimal,0.3071279000000686
10,target_P10,0.9,7,78,79,P10,86.79891129115522,13.201088708844766,0.0,0.2962078145094952,0.2742917176562851,0.2895907651471687,0.24988102563016332,0.025291643431331813,3.3117890657780564e-11,True,True,optimal,0.3863550999999461
10,target_P10,0.9,8,87,88,P10,86.79891129115522,13.201088708844766,0.0,0.2962078141651185,0.2742917052675432,0.2889300264036103,0.2365152627961406,0.038471103447870435,3.311787811341331e-11,True,True,optimal,0.38730420000001686
10,target_P10,0.9,9,74,75,P10,86.79891129115522,13.201088708844766,0.0,0.2947169310897871,0.1876043651980875,0.28809377698305305,0.19161313183985293,0.007741858969890825,5.4198770176312654e-11,True,True,optimal,0.3003409000002648
10,target_P10,0.9,10,105,106,P30,87.92401346901782,12.07598653098216,0.0,0.3086619751537652,0.1732590362460616,0.3029104572197076,0.18802944765615714,0.015850710134541826,4.736796535144899e-11,True,True,optimal,0.3522488999997222
10,target_P10,1.0,1,59,60,P10,86.79891129115522,13.201088708844766,0.0,0.2947169314624783,0.18760438743457622,0.28808872024153886,0.19201123630426237,0.007959491249423007,5.419847690975465e-11,True,True,optimal,0.31094009999969785
10,target_P10,1.0,2,77,78,P10,86.79891129115522,13.201088708844766,0.0,0.30174285106065163,0.30697447857875415,0.29553949542100866,0.3125605915722888,0.0083478308301275,1.749343095388946e-11,True,True,optimal,0.3749308999999812
10,target_P10,1.0,3,10,11,P10,86.79891129115522,13.201088708844766,0.0,0.29471693140409877,0.18760438528277126,0.28808870832130823,0.19200506512158422,0.007956087246817505,5.419850565632709e-11,True,True,optimal,0.3105620999999701
10,target_P10,1.0,4,81,82,P10,86.79891129115522,13.201088708844766,0.0,0.2947169311766688,0.18760435731950711,0.2881945699870509,0.1903017200098487,0.007058113131076946,5.4198870478701464e-11,True,True,optimal,0.3226896000001034
10,target_P10,1.0,5,44,45,P30,87.92401346901782,12.07598653098216,0.0,0.30866197500923737,0.1732590317547696,0.30287630912557123,0.18532775652899425,0.01338387266053448,4.736800721212858e-11,True,True,optimal,0.3818647999996756
10,target_P10,1.0,6,94,95,P10,86.79891129115522,13.201088708844766,0.0,0.2947169313228205,0.18760435620644095,0.2882626702546692,0.18983251681622637,0.006828044056598739,5.4198882443967375e-11,True,True,optimal,0.3278552000001582
10,target_P10,1.0,7,78,79,P10,86.79891129115522,13.201088708844766,0.0,0.29620781572027094,0.2742917301643803,0.29542171000770723,0.3117669773762634,0.037483491243253717,3.3117889051329853e-11,True,True,optimal,0.3691757999999936
10,target_P10,1.0,8,87,88,P10,86.79891129115522,13.201088708844766,0.0,0.296207814733288,0.27429172159151816,0.29021067039382603,0.2582716073848923,0.017105841090740797,3.311789275043594e-11,True,True,optimal,0.3783966999999393
10,target_P10,1.0,9,74,75,P10,86.79891129115522,13.201088708844766,0.0,0.2953297533846095,0.18590832067239027,0.29116560977329964,0.1835542888220836,0.004783467149241313,7.198901206491845e-11,True,True,optimal,0.35799309999993056
10,target_P10,1.0,10,105,106,P30,87.92401346901782,12.07598653098216,0.0,0.3086619755816326,0.17325904972462433,0.30316266298540345,0.2010113887011642,0.028291955706522275,4.7367839816163866e-11,True,True,optimal,0.3670553999995718
10,target_P10,1.05,1,59,60,P10,86.79891129115522,13.201088708844766,0.0,0.2947169314674983,0.18760438776542637,0.28808872575803174,0.19201382183105253,0.007960918270281971,5.419847255493801e-11,True,True,optimal,0.30736339999975826
10,target_P10,1.05,2,77,78,P10,86.79891129115522,13.201088708844766,0.0,0.4531797700753758,0.3137132811344975,0.45435517392506386,0.33111549096816484,0.017441860029963847,4.95813204648156e-12,True,True,optimal,0.30714850000003935
10,target_P10,1.05,3,10,11,P10,86.79891129115522,13.201088708844766,0.0,0.29471693140134525,0.1876043852790074,0.28808871002386244,0.19200615120963166,0.007956686617991466,5.419850575026661e-11,True,True,optimal,0.3013335000000552
10,target_P10,1.05,4,81,82,P10,86.79891129115522,13.201088708844766,0.0,0.2953297537574987,0.18590832001563423,0.29625813959563563,0.1799315051386377,0.006048488764835413,7.198901911299825e-11,True,True,optimal,0.3492055000001528
10,target_P10,1.05,5,44,45,P30,87.92401346901782,12.07598653098216,0.0,0.3086619749717084,0.1732590306003654,0.30287607858926363,0.18530885569210598,0.013366932396400006,4.7368017977490315e-11,True,True,optimal,0.3421868000000359
10,target_P10,1.05,6,94,95,P10,86.79891129115522,13.201088708844766,0.0,0.2957427929000146,0.24725306694667262,0.2904571538707696,0.26134417562209994,0.015049828027262672,2.1225572227984764e-12,True,True,optimal,0.34700740000016594
10,target_P10,1.05,7,78,79,P10,86.79891129115522,13.201088708844766,0.0,0.4531797742335623,0.3137132812590352,0.45480151155770077,0.33109758014853985,0.01745977891693181,4.95813434913053e-12,True,True,optimal,0.30754479999995965
10,target_P10,1.05,8,87,88,P10,86.79891129115522,13.201088708844766,0.0,0.31311401295287355,0.31124639845041535,0.3089093723374575,0.32529900190200783,0.014668151433378204,4.890519338844288e-12,True,True,optimal,0.339821000000029
10,target_P10,1.05,9,74,75,P10,86.79891129115522,13.201088708844766,0.0,0.2953297535300422,0.18590832028854704,0.29323560042633456,0.18161644269583335,0.004775530388617179,7.198901776903802e-11,True,True,optimal,0.33082569999987754
10,target_P10,1.05,10,105,106,P30,87.92401346901782,12.07598653098216,0.0,0.3086619754103001,0.17325904441159004,0.30301837358463624,0.19375441517475614,0.02125818581832138,4.736788934069701e-11,True,True,optimal,0.3688201999998455
10,target_P30,0.9,1,59,60,P30,87.92401346901782,12.07598653098216,0.0,0.3086619741336179,0.1732590142344761,0.3028329389073315,0.17556301025971568,0.0062678584343943,4.73681752852145e-11,True,True,optimal,0.34131150000030175
10,target_P30,0.9,2,77,78,P30,87.92401346901782,12.07598653098216,0.0,0.30866197417792535,0.1732590158447457,0.3028757081649409,0.18527334087258845,0.013335099558970958,4.736816039206324e-11,True,True,optimal,0.3662797000001774
10,target_P30,0.9,3,10,11,P30,87.92401346901782,12.07598653098216,0.0,0.30866197411905216,0.17325901398582666,0.30283293228541336,0.17555840518976107,0.006266173362351393,4.73681777033295e-11,True,True,optimal,0.37791870000000927
10,target_P30,0.9,4,81,82,P10,86.79891129115522,13.201088708844766,0.0,0.2947169306510823,0.18760435840617223,0.288103166097838,0.19135897867393462,0.007605199203232149,5.419886510256363e-11,True,True,optimal,0.3345029000001887
10,target_P30,0.9,5,44,45,P50,88.85079429437992,11.149205705620068,0.0,0.3042740850452858,0.1770217761000924,0.2978258954963407,0.18769362958468927,0.012468664934780598,3.027327706971151e-11,True,True,optimal,0.32017980000000534
10,target_P30,0.9,6,94,95,P30,87.92401346901782,12.07598653098216,0.0,0.30866197403728135,0.17325900971746808,0.3028787122932837,0.17447589450694068,0.0059099005905714035,4.7368216635481995e-11,True,True,optimal,0.3775517999997646
10,target_P30,0.9,7,78,79,P30,87.92401346901782,12.07598653098216,0.0,0.3114787881732676,0.260317877573993,0.30423596376276535,0.2325179665877211,0.028727922937205337,2.3195667113901763e-11,True,True,optimal,0.36062079999965135
10,target_P30,0.9,8,87,88,P30,87.92401346901782,12.07598653098216,0.0,0.3114787875188978,0.26031785846985916,0.30362705649194904,0.21936193830784856,0.04170176346914524,2.319565867518633e-11,True,True,optimal,0.3822760000002745
10,target_P30,0.9,9,74,75,P10,86.79891129115522,13.201088708844766,0.0,0.2947169306543498,0.18760435945850928,0.2880937796616748,0.1916126892302869,0.0077416301016704605,5.419885146054005e-11,True,True,optimal,0.3233839000004082
10,target_P30,0.9,10,105,106,P50,88.85079429437992,11.149205705620068,0.0,0.30427408695906305,0.1770218905498211,0.29785997919815,0.19035712199443655,0.014797607105544666,3.0272802924490177e-11,True,True,optimal,0.2860335999998824
10,target_P30,1.0,1,59,60,P30,87.92401346901782,12.07598653098216,0.0,0.30866197478843693,0.17325902385108244,0.3028329614193961,0.1755697916625623,0.0062703305124234415,4.7368080364252495e-11,True,True,optimal,0.3333333999999013
10,target_P30,1.0,2,77,78,P30,87.92401346901782,12.07598653098216,0.0,0.3149433227834431,0.27870936338484387,0.308260299458394,0.281091338389971,0.007094829503814801,2.178816411347776e-11,True,True,optimal,0.3937364999997044
10,target_P30,1.0,3,10,11,P30,87.92401346901782,12.07598653098216,0.0,0.3086619747388596,0.17325902300688867,0.3028329495300366,0.17556376512603478,0.006268123413020849,4.736808857578094e-11,True,True,optimal,0.37682119999999486
10,target_P30,1.0,4,81,82,P10,86.79891129115522,13.201088708844766,0.0,0.29471701342187795,0.18760412760507514,0.2882132687509988,0.19016042319427678,0.006988085709503062,5.420048232141011e-11,True,True,optimal,0.2843337000003885
10,target_P30,1.0,5,44,45,P50,88.85079429437992,11.149205705620068,0.0,0.30427408665469124,0.17702185388869865,0.2978260663919318,0.18770696137206141,0.01247992336675074,3.027295214793226e-11,True,True,optimal,0.2518365000000813
10,target_P30,1.0,6,94,95,P30,87.92401346901782,12.07598653098216,0.0,0.30866197460020406,0.17325900958768375,0.30299154931980626,0.17356505260364372,0.005678678119790933,4.736820915901452e-11,True,True,optimal,0.34552099999973507
10,target_P30,1.0,7,78,79,P30,87.92401346901782,12.07598653098216,0.0,0.3120096518372873,0.2631359696449595,0.30814814000856394,0.2803537344942948,0.017645472507427405,2.7099424926680785e-12,True,True,optimal,0.34892089999993914
10,target_P30,1.0,8,87,88,P30,87.92401346901782,12.07598653098216,0.0,0.31147878916797317,0.2603178824762619,0.30598300615076834,0.2563038873936631,0.006805570328438638,2.3195661051507936e-11,True,True,optimal,0.37572869999985414
10,target_P30,1.0,9,74,75,P10,86.79891129115522,13.201088708844766,0.0,0.2953297533860975,0.18590832066873383,0.29119829494399135,0.18351619385633267,0.0047740150340629265,7.198901211663159e-11,True,True,optimal,0.33442039999999906
10,target_P30,1.0,10,105,106,P50,88.85079429437992,11.149205705620068,0.0,0.3055887832934449,0.25557616429156566,0.29809595439765746,0.20241043685814974,0.053691126439904584,2.8196713006564414e-11,True,True,optimal,0.29351520000000164
10,target_P30,1.05,1,59,60,P30,87.92401346901782,12.07598653098216,0.0,0.3086619747902396,0.17325902392853326,0.3028329536941305,0.17557085141622691,0.006270728288782811,4.736807965309613e-11,True,True,optimal,0.3874001999997745
10,target_P30,1.05,2,77,78,P30,87.92401346901782,12.07598653098216,0.0,0.480542865743356,0.2872605454853566,0.48877813613864535,0.300118803018632,0.015269396362514202,5.1623881264225514e-12,True,True,optimal,0.47559559999990597
10,target_P30,1.05,3,10,11,P30,87.92401346901782,12.07598653098216,0.0,0.308661974734922,0.17325902297174472,0.3028329400627266,0.17556389881121975,0.006268181382590336,4.73680889467072e-11,True,True,optimal,0.35342709999986255
10,target_P30,1.05,4,81,82,P10,86.79891129115522,13.201088708844766,0.0,0.2953297537591067,0.18590832001492402,0.2962629222776471,0.17992961261836748,0.006051094580126373,7.198901909385996e-11,True,True,optimal,0.3272870000000694
10,target_P30,1.05,5,44,45,P50,88.85079429437992,11.149205705620068,0.0,0.3042740863031731,0.17702183289627973,0.29782587543563993,0.18769190052734303,0.012467147494260162,3.027303911999593e-11,True,True,optimal,0.2982142000000749
10,target_P30,1.05,6,94,95,P30,87.92401346901782,12.07598653098216,0.0,0.3105049613885558,0.23021994631598397,0.3047592871092328,0.24017200197888094,0.011491570164319327,1.9700604810101736e-12,True,True,optimal,0.36806380000007266
10,target_P30,1.05,7,78,79,P30,87.92401346901782,12.07598653098216,0.0,0.48054288900488457,0.28726054537501766,0.48917124609426593,0.3001022422484392,0.015471190149782323,5.162394777849604e-12,True,True,optimal,0.37290200000006735
10,target_P30,1.05,8,87,88,P30,87.92401346901782,12.07598653098216,0.0,0.34843539099207566,0.2881695957937042,0.3206928191278944,0.29279807937904667,0.028126022718099462,1.2461036389267899e-11,True,True,optimal,0.3671763000002102
10,target_P30,1.05,9,74,75,P10,86.79891129115522,13.201088708844766,0.0,0.2953297535301516,0.18590832028841994,0.29323746181546256,0.18161504839443063,0.004775967773663789,7.198901776939207e-11,True,True,optimal,0.31417010000041046
10,target_P30,1.05,10,105,106,P50,88.85079429437992,11.149205705620068,0.0,0.305588781606358,0.2555760638896248,0.2979300772404634,0.1940574373323982,0.061993525194585265,2.8196633722945152e-11,True,True,optimal,0.30331089999981486
10,target_P50,0.9,1,59,60,P50,88.85079429437992,11.149205705620068,0.0,0.3042740853396018,0.17702177326372107,0.2977826738334708,0.17820729718584644,0.006598779456222326,3.027328588009842e-11,True,True,optimal,0.29589020000003075
10,target_P50,0.9,2,77,78,P50,88.85079429437992,11.149205705620068,0.0,0.3042740857644486,0.17702179985833527,0.2978254675205512,0.18765042242994118,0.012431906331097272,3.0273175872644113e-11,True,True,optimal,0.2978060000000369
10,target_P50,0.9,3,10,11,P50,88.85079429437992,11.149205705620068,0.0,0.3042740852917113,0.17702177143135106,0.29778266541311255,0.17820182013282773,0.006597806224657083,3.0273293620042597e-11,True,True,optimal,0.2689571999999316
10,target_P50,0.9,4,81,82,P30,87.92401346901782,12.07598653098216,0.0,0.3086619745071787,0.17325901351240222,0.3028461124404113,0.17496961088907606,0.006062210402546838,4.736817593797971e-11,True,True,optimal,0.34961329999987356
10,target_P50,0.9,5,44,45,P70,89.28451439818815,10.715485601811848,0.0,0.2895202273043995,0.25861421324044676,0.2807379174762628,0.19286323644050601,0.0663349072213396,2.0345076293288538e-11,True,True,optimal,0.2882009999998445
10,target_P50,0.9,6,94,95,P50,88.85079429437992,11.149205705620068,0.0,0.304274084989627,0.17702174483527025,0.297834980350195,0.17696064692429228,0.006439394498885771,3.0273402578350017e-11,True,True,optimal,0.28233289999980116
10,target_P50,0.9,7,78,79,P50,88.85079429437992,11.149205705620068,0.0,0.3055887854990103,0.25557628340953675,0.2992049907773754,0.23473576862012271,0.021796327482760922,2.8196804344081787e-11,True,True,optimal,0.3218971999999667
10,target_P50,0.9,8,87,88,P50,88.85079429437992,11.149205705620068,0.0,0.3055887851722743,0.25557627131006605,0.29857568284571867,0.22148925523767718,0.0348009808620682,2.819679643850761e-11,True,True,optimal,0.28145249999988664
10,target_P50,0.9,9,74,75,P30,87.92401346901782,12.07598653098216,0.0,0.30866197452101657,0.1732590152616285,0.30283758593145427,0.17520214777771564,0.006139972835224814,4.736816028457852e-11,True,True,optimal,0.34043860000019777
10,target_P50,0.9,10,105,106,P70,89.28451439818815,10.715485601811848,0.0,0.2895202656604464,0.2586177257459014,0.2807689759623445,0.1952491087259097,0.06397004529001436,2.0347210923689627e-11,True,True,optimal,0.2988121000003048
10,target_P50,1.0,1,59,60,P50,88.85079429437992,11.149205705620068,0.0,0.30427408535304173,0.17702177413581718,0.2977826861208927,0.17821394665919058,0.006599965099652536,3.027328227737018e-11,True,True,optimal,0.31629800000018804
10,target_P50,1.0,2,77,78,P50,88.85079429437992,11.149205705620068,0.0,0.3109792916773002,0.28633044464588403,0.30351821854190514,0.2852803010363278,0.007534614385116587,2.7933612636153556e-11,True,True,optimal,0.28533720000041285
10,target_P50,1.0,3,10,11,P50,88.85079429437992,11.149205705620068,0.0,0.30427408529361616,0.17702177185890275,0.29778267284285653,0.17820710902272932,0.006598746835409396,3.027329189391265e-11,True,True,optimal,0.27090140000018437
10,target_P50,1.0,4,81,82,P30,87.92401346901782,12.07598653098216,0.0,0.30866197457868644,0.1732590096620215,0.3029302687746491,0.17399028829353932,0.005778167517556892,4.736820883264603e-11,True,True,optimal,0.363180100000136
10,target_P50,1.0,5,44,45,P70,89.28451439818815,10.715485601811848,0.0,0.2895202612044099,0.2586173187906586,0.2807380521717994,0.19287443303453516,0.06632687406349827,2.034696368996144e-11,True,True,optimal,0.2962041999999201
10,target_P50,1.0,6,94,95,P50,88.85079429437992,11.149205705620068,0.0,0.30427408520674465,0.17702174183740518,0.29796385263584024,0.17591747222210807,0.006406125699841618,3.027341269894174e-11,True,True,optimal,0.2792784999996911
10,target_P50,1.0,7,78,79,P50,88.85079429437992,11.149205705620068,0.0,0.30558878658169214,0.2555762949366035,0.30340416495718503,0.284498360394271,0.029004455553929442,2.8196801567062358e-11,True,True,optimal,0.2875043000003643
10,target_P50,1.0,8,87,88,P50,88.85079429437992,11.149205705620068,0.0,0.30558878571147385,0.2555762872510877,0.3005169956197916,0.25272444063120486,0.0058185981024146535,2.8196805401205407e-11,True,True,optimal,0.3213461999998799
10,target_P50,1.0,9,74,75,P30,87.92401346901782,12.07598653098216,0.0,0.30924812965142867,0.17161235202534797,0.3056254005728806,0.16778988917844792,0.005266439802417647,5.603818186832712e-11,True,True,optimal,0.37110219999976835
10,target_P50,1.0,10,105,106,P70,89.28451439818815,10.715485601811848,0.0,0.2895202663665218,0.25861778885507153,0.28104191631414205,0.2093496624411323,0.0499923064075922,2.0347249139459027e-11,True,True,optimal,0.29033780000008846
10,target_P50,1.05,1,59,60,P50,88.85079429437992,11.149205705620068,0.0,0.30427408468009326,0.17702175365629166,0.2977826933690352,0.1782173031347288,0.006600568135294997,3.0273369965370384e-11,True,True,optimal,0.28673079999998663
10,target_P50,1.05,2,77,78,P50,88.85079429437992,11.149205705620068,0.0,0.4798614374891624,0.29586476166578846,0.4824486013716543,0.30591517080435626,0.01037806055134956,1.112970214072456e-11,True,True,optimal,0.2975848999999471
10,target_P50,1.05,3,10,11,P50,88.85079429437992,11.149205705620068,0.0,0.3042740846556826,0.17702175270391216,0.2977826747668704,0.17820831900904238,0.006598965217444258,3.027337398385973e-11,True,True,optimal,0.2864462999996249
10,target_P50,1.05,4,81,82,P30,87.92401346901782,12.07598653098216,0.0,0.30924812970165627,0.17161235145146483,0.31046929436897513,0.16431082590633503,0.007402939850552015,5.603818887478151e-11,True,True,optimal,0.3328317000000425
10,target_P50,1.05,5,44,45,P70,89.28451439818815,10.715485601811848,0.0,0.28952001535543387,0.2585948251873789,0.28073790153820827,0.19286187124403759,0.06631701710131524,2.033330193334469e-11,True,True,optimal,0.2847361999997702
10,target_P50,1.05,6,94,95,P50,88.85079429437992,11.149205705620068,0.0,0.3053503157377288,0.24132753183829272,0.30019158975482896,0.24852179274607175,0.008852674385508795,1.977988502072562e-11,True,True,optimal,0.29795329999979003
10,target_P50,1.05,7,78,79,P50,88.85079429437992,11.149205705620068,0.0,0.4798614440154209,0.29586476166675424,0.4832405412932346,0.30588346939887895,0.010573211576179846,1.1129708621639303e-11,True,True,optimal,0.2777117000000544
10,target_P50,1.05,8,87,88,P50,88.85079429437992,11.149205705620068,0.0,0.354218100366731,0.2961962293114108,0.31786178220947126,0.2989533017101482,0.03646070923835376,2.1976979001119833e-11,True,True,optimal,0.2909805999997843
10,target_P50,1.05,9,74,75,P30,87.92401346901782,12.07598653098216,0.0,0.30924812956044895,0.17161235157216284,0.30763076738126693,0.165893933104383,0.005942740966195143,5.6038189650070396e-11,True,True,optimal,0.35260999999991327
10,target_P50,1.05,10,105,106,P70,89.28451439818815,10.715485601811848,0.0,0.2895202663243715,0.2586178151813905,0.28088529235697485,0.2015635088448815,0.05770404359278323,2.03472678666002e-11,True,True,optimal,0.29127280000011524
10,target_P70,0.9,1,59,60,P70,89.28451439818815,10.715485601811848,0.0,0.2886826753628825,0.18188722395976165,0.2806880931204548,0.18250608227125079,0.008018499288560159,1.9960097438255846e-11,True,True,optimal,0.362612800000079
10,target_P70,0.9,2,77,78,P70,89.28451439818815,10.715485601811848,0.0,0.2886826770677151,0.18188738192000106,0.2807375031085996,0.19282234405831744,0.013516626287910026,1.9959702757590887e-11,True,True,optimal,0.35017530000004626
10,target_P70,0.9,3,10,11,P70,89.28451439818815,10.715485601811848,0.0,0.28868267530714437,0.18188722041009756,0.2806880850909147,0.18250086875671823,0.00801810682260753,1.99601063837076e-11,True,True,optimal,0.3820378000000346
10,target_P70,0.9,4,81,82,P50,88.85079429437992,11.149205705620068,0.0,0.3042740849651719,0.17702174796962677,0.2977978868633021,0.17752267148806278,0.006495542027112443,3.027339025401312e-11,True,True,optimal,0.2867204999997739
10,target_P70,0.9,5,44,45,P90,90.13210624061311,9.867893759386877,0.0,0.31087942015561787,0.1770391442778888,0.303968796967373,0.1900394899208634,0.014722965043995588,3.42145773389752e-11,True,True,optimal,0.2995633000000453
10,target_P70,0.9,6,94,95,P70,89.28451439818815,10.715485601811848,0.0,0.28868267496639183,0.1818871762253467,0.2807379338680074,0.18132009778588046,0.007964953802556945,1.9960216194215827e-11,True,True,optimal,0.3571718999996847
10,target_P70,0.9,7,78,79,P70,89.28451439818815,10.715485601811848,0.0,0.28952026707353495,0.25861783143516176,0.2819989759559711,0.2351426573138828,0.02465063123125875,2.0347273016763286e-11,True,True,optimal,0.2859189000000697
10,target_P70,0.9,8,87,88,P70,89.28451439818815,10.715485601811848,0.0,0.28952026683328236,0.25861782261027266,0.2813168583180858,0.22086770191319702,0.0386311729554123,2.034726884359339e-11,True,True,optimal,0.31108580000000075
10,target_P70,0.9,9,74,75,P50,88.85079429437992,11.149205705620068,0.0,0.3042740849740906,0.17702175093555417,0.2977880086447904,0.17779152671345688,0.006531595585900443,3.0273378316545045e-11,True,True,optimal,0.2935606999999436
10,target_P70,0.9,10,105,106,P90,90.13210624061311,9.867893759386877,0.0,0.31087942059178575,0.17703916291839086,0.30400567968493264,0.19288484123764785,0.017272343079383197,3.42144697100308e-11,True,True,optimal,0.29369580000002316
10,target_P70,1.0,1,59,60,P70,89.28451439818815,10.715485601811848,0.0,0.28868267539548065,0.18188722706936783,0.2806881045741096,0.18251229278747697,0.008018969370802763,1.9960089672747302e-11,True,True,optimal,0.36051020000013523
10,target_P70,1.0,2,77,78,P70,89.28451439818815,10.715485601811848,0.0,0.2953249351324428,0.29353763103996466,0.2873920063953395,0.2940665700548484,0.007950543052485477,1.9827078926125218e-11,True,True,optimal,0.33180540000012115
10,target_P70,1.0,3,10,11,P70,89.28451439818815,10.715485601811848,0.0,0.28868267532376507,0.18188722242366046,0.28068809209936385,0.18250587499568025,0.008018484391500933,1.996010137451417e-11,True,True,optimal,0.32642189999978655
10,target_P70,1.0,4,81,82,P50,88.85079429437992,11.149205705620068,0.0,0.304274085061926,0.1770217429388154,0.2978946320166028,0.17639834319402717,0.006409839966745276,3.027340954028705e-11,True,True,optimal,0.29788269999971817
10,target_P70,1.0,5,44,45,P90,90.13210624061311,9.867893759386877,0.0,0.3108794202286746,0.1770391475380593,0.3039689454970845,0.19005185301155952,0.014733810259264514,3.421455854543403e-11,True,True,optimal,0.3060559000000467
10,target_P70,1.0,6,94,95,P70,89.28451439818815,10.715485601811848,0.0,0.2886826751926262,0.18188717306815716,0.28086002066203236,0.1803317266958507,0.007975796970970455,1.9960222949810604e-11,True,True,optimal,0.36867149999989124
10,target_P70,1.0,7,78,79,P70,89.28451439818815,10.715485601811848,0.0,0.2895202683851479,0.2586178439251025,0.2872845985726317,0.29332876044938094,0.03478283981313231,2.034727088797255e-11,True,True,optimal,0.2570748999996795
10,target_P70,1.0,8,87,88,P70,89.28451439818815,10.715485601811848,0.0,0.28952026728557817,0.2586178348769006,0.2828578154891069,0.24681692283434317,0.013551744868336343,2.0347273665998902e-11,True,True,optimal,0.3058389000002535
10,target_P70,1.0,9,74,75,P50,88.85079429437992,11.149205705620068,0.0,0.3048371990420989,0.17547613771309342,0.3009724950494391,0.1693062843704718,0.007280317796658299,3.256603888013477e-11,True,True,optimal,0.28306209999982457
10,target_P70,1.0,10,105,106,P90,90.13210624061311,9.867893759386877,0.0,0.3108794233792016,0.177039281108496,0.30424897828778813,0.20521597030277738,0.028946305741171564,3.421378709500071e-11,True,True,optimal,0.29772559999992154
10,target_P70,1.05,1,59,60,P70,89.28451439818815,10.715485601811848,0.0,0.28868267540559056,0.18188722805551572,0.2806881106032972,0.1825150973507861,0.008019182391616463,1.9960087211035646e-11,True,True,optimal,0.38800540000011097
10,target_P70,1.05,2,77,78,P70,89.28451439818815,10.715485601811848,0.0,0.44637233209054,0.30232383240222865,0.4513938066171351,0.31329336086990506,0.012064234796472017,7.892760299467173e-12,True,True,optimal,0.4017874999999549
10,target_P70,1.05,3,10,11,P70,89.28451439818815,10.715485601811848,0.0,0.28868267532286124,0.18188722258398363,0.2806880938984277,0.1825070123116433,0.00801857041238713,1.9960100985559554e-11,True,True,optimal,0.37149829999998474
10,target_P70,1.05,4,81,82,P50,88.85079429437992,11.149205705620068,0.0,0.3048371996196173,0.1754761369614302,0.30651915552419273,0.16531909344528262,0.010295363454189056,3.25660378832733e-11,True,True,optimal,0.2850525999997444
10,target_P70,1.05,5,44,45,P90,90.13210624061311,9.867893759386877,0.0,0.3108794201488429,0.17703914417129554,0.30396877945841233,0.1900379868910789,0.014721646198910617,3.421457799495536e-11,True,True,optimal,0.31892659999994066
10,target_P70,1.05,6,94,95,P70,89.28451439818815,10.715485601811848,0.0,0.2893698065549412,0.24483437547749715,0.28348867489035684,0.2545906275104691,0.011391758573067057,1.863700128902753e-12,True,True,optimal,0.5447884000000158
10,target_P70,1.05,7,78,79,P70,89.28451439818815,10.715485601811848,0.0,0.44637234131955156,0.30232383248304173,0.4518555361206692,0.31327491795206475,0.012247109788715481,7.892683256867744e-12,True,True,optimal,0.3392586999998457
10,target_P70,1.05,8,87,88,P70,89.28451439818815,10.715485601811848,0.0,0.3312661948578481,0.3019458586180771,0.3008019840619266,0.3069085276222421,0.030865777538614494,1.0651064633862657e-11,True,True,optimal,0.390165899999829
10,target_P70,1.05,9,74,75,P50,88.85079429437992,11.149205705620068,0.0,0.3048371992026753,0.1754761373055379,0.30327345012235307,0.16712907697414509,0.008492274569402491,3.256603965948484e-11,True,True,optimal,0.30731509999986883
10,target_P70,1.05,10,105,106,P90,90.13210624061311,9.867893759386877,0.0,0.31087942182197276,0.1770392152490243,0.3040480285611874,0.19512503987733182,0.01933300251821735,3.421416750485013e-11,True,True,optimal,0.307639200000267
10,target_P90,0.9,1,59,60,P90,90.13210624061311,9.867893759386877,0.0,0.31087941912423156,0.17703911360724425,0.3039207358322751,0.18005005908816715,0.007582154433064808,3.4214757370690235e-11,True,True,optimal,0.30488199999990684
10,target_P90,0.9,2,77,78,P90,90.13210624061311,9.867893759386877,0.0,0.3108794192009876,0.17703911717249815,0.30396833782656013,0.1899940574361656,0.014683103316368455,3.4214736847442076e-11,True,True,optimal,0.320581299999958
10,target_P90,0.9,3,10,11,P90,90.13210624061311,9.867893759386877,0.0,0.31087941910865785,0.17703911321826366,0.3039207270853342,0.18004432921425406,0.007579889039954675,3.421475967755108e-11,True,True,optimal,0.30548449999969307
10,target_P90,0.9,4,81,82,P70,89.28451439818815,10.715485601811848,0.0,0.2886826745250895,0.1818871754984199,0.2807023809619192,0.18185937138255584,0.00798034199913992,1.996021989807118e-11,True,True,optimal,0.38417919999983496
10,target_P90,0.9,5,44,45,P90,90.13210624061311,9.867893759386877,0.0,0.3108794192660845,0.17703912008679346,0.3039687975555628,0.1900395405606079,0.014723030425897642,3.421472004883433e-11,True,True,optimal,0.3107089999998607
10,target_P90,0.9,6,94,95,P90,90.13210624061311,9.867893759386877,0.0,0.31087941901400923,0.17703910690334673,0.3039753666219348,0.17874630723482338,0.00711199496655492,3.421479564227436e-11,True,True,optimal,0.3031292000000576
10,target_P90,0.9,7,78,79,P90,90.13210624061311,9.867893759386877,0.0,0.3128789078987059,0.26157283612402205,0.30528738801123995,0.23647245374023187,0.026223279162116156,1.9586493749087084e-11,True,True,optimal,0.30392510000001494
10,target_P90,0.9,8,87,88,P90,90.13210624061311,9.867893759386877,0.0,0.31287890769082877,0.2615728290300845,0.30473113570556765,0.224622603768461,0.037837882277005484,1.9586491012820832e-11,True,True,optimal,0.29785609999998996
10,target_P90,0.9,9,74,75,P70,89.28451439818815,10.715485601811848,0.0,0.28868267452564034,0.18188717685965047,0.28069314538532697,0.18211177490939054,0.007992685416545773,1.9960216558323523e-11,True,True,optimal,0.3749172000002545
10,target_P90,0.9,10,105,106,P90,90.13210624061311,9.867893759386877,0.0,0.31087941942961145,0.17703912707370562,0.3040056728132259,0.19288440566317944,0.01727197863952794,3.421467970595137e-11,True,True,optimal,0.3327788999999939
10,target_P90,1.0,1,59,60,P90,90.13210624061311,9.867893759386877,0.0,0.3108794197882979,0.17703912748178566,0.3039207484527094,0.18005691835405824,0.007584864435539579,3.4214674079390424e-11,True,True,optimal,0.29628939999975046
10,target_P90,1.0,2,77,78,P90,90.13210624061311,9.867893759386877,0.0,0.3128789240970198,0.2615729256353457,0.30978325698235176,0.28839852793917464,0.027003631123388404,1.9586422364713076e-11,True,True,optimal,0.2976122000000032
10,target_P90,1.0,3,10,11,P90,90.13210624061311,9.867893759386877,0.0,0.3108794197351999,0.17703912615627543,0.303920734770198,0.1800498261304194,0.007582058478833702,3.4214681939341016e-11,True,True,optimal,0.3001136000002589
10,target_P90,1.0,4,81,82,P70,89.28451439818815,10.715485601811848,0.0,0.28868267504206213,0.18188717425023954,0.28079397344157186,0.18079133205166262,0.007964451209327582,1.9960220707109345e-11,True,True,optimal,0.3714207999996688
10,target_P90,1.0,5,44,45,P90,90.13210624061311,9.867893759386877,0.0,0.31087942022896575,0.17703914755054825,0.30396894490984083,0.19005180574351746,0.014733768777311638,3.4214558473207266e-11,True,True,optimal,0.2917754000000059
10,target_P90,1.0,6,94,95,P90,90.13210624061311,9.867893759386877,0.0,0.3108794196887771,0.17703910583217045,0.30411215513571693,0.17764190483621892,0.006794058887762616,3.421479527150822e-11,True,True,optimal,0.31516099999998914
10,target_P90,1.0,7,78,79,P90,90.13210624061311,9.867893759386877,0.0,0.3128789091888238,0.26157284272157755,0.30966791301711666,0.2876038744371472,0.026228326454269063,1.9586487736894064e-11,True,True,optimal,0.29840469999999186
10,target_P90,1.0,8,87,88,P90,90.13210624061311,9.867893759386877,0.0,0.31287890843137045,0.26157283543941096,0.30652812026033627,0.2534165299240204,0.010337206104830155,1.9586489172455086e-11,True,True,optimal,0.29807220000020607
10,target_P90,1.0,9,74,75,P70,89.28451439818815,10.715485601811848,0.0,0.2900445063627778,0.17817159946739772,0.28370550265683814,0.17405893396984568,0.007556254725634361,2.7437785246418e-11,True,True,optimal,0.3745560000002115
10,target_P90,1.0,10,105,106,P90,90.13210624061311,9.867893759386877,0.0,0.31087942336071234,0.1770392803263076,0.3042478467838078,0.20516145546331327,0.02889350346240082,3.421379161263204e-11,True,True,optimal,0.2993610999997145
10,target_P90,1.05,1,59,60,P90,90.13210624061311,9.867893759386877,0.0,0.31087941979134653,0.17703912763967816,0.30392074152810744,0.18005839051320569,0.0075854565762871464,3.421467317370084e-11,True,True,optimal,0.3178787000001648
10,target_P90,1.05,2,77,78,P90,90.13210624061311,9.867893759386877,0.0,0.4813941550288792,0.2977280750520162,0.48634447116197166,0.3096102358443988,0.012872116178530594,6.87351879278475e-12,True,True,optimal,0.327176999999665
10,target_P90,1.05,3,10,11,P90,90.13210624061311,9.867893759386877,0.0,0.31087941973174055,0.17703912612630346,0.30392072576818147,0.1800502591721139,0.007582238712810699,3.421468213849526e-11,True,True,optimal,0.3028609000002689
10,target_P90,1.05,4,81,82,P70,89.28451439818815,10.715485601811848,0.0,0.2900445069188743,0.17817159872286953,0.2889736495457053,0.17025994437860936,0.007983796714391037,2.7437786542760794e-11,True,True,optimal,0.4124108000000888
10,target_P90,1.05,5,44,45,P90,90.13210624061311,9.867893759386877,0.0,0.3108794201496927,0.17703914420791314,0.3039687689688535,0.19003792201578354,0.014721593807791956,3.4214577783703524e-11,True,True,optimal,0.31859280000026047
10,target_P90,1.05,6,94,95,P90,90.13210624061311,9.867893759386877,0.0,0.312392032573918,0.24098887252208737,0.30629459836158635,0.2504225061520432,0.011232637599332865,1.7618540547779038e-12,True,True,optimal,0.29524209999999584
10,target_P90,1.05,7,78,79,P90,90.13210624061311,9.867893759386877,0.0,0.4813941663388101,0.2977280751235218,0.48680518603043177,0.3095920291175342,0.013039652544265144,6.873524926069137e-12,True,True,optimal,0.3112157999998999
10,target_P90,1.05,8,87,88,P90,90.13210624061311,9.867893759386877,0.0,0.3670610683100734,0.2975141767903122,0.32491931815611186,0.3028350487343364,0.04247633204837279,7.751628671902979e-12,True,True,optimal,0.29165370000009716
10,target_P90,1.05,9,74,75,P70,89.28451439818815,10.715485601811848,0.0,0.2900445065239663,0.17817159905894756,0.285907602808419,0.17197035851264594,0.007454485674062583,2.7437786701870956e-11,True,True,optimal,0.3914512999999715
10,target_P90,1.05,10,105,106,P90,90.13210624061311,9.867893759386877,0.0,0.3108794218185285,0.17703921510315038,0.30404780566829,0.19511393220561438,0.019322690743224777,3.421416834763955e-11,True,True,optimal,0.29883879999988494
