dso_scenario_index,dso_active_load_factor,dso_reactive_load_factor,dtheta_mean,dtheta_std,dtheta_min,dtheta_max,n_directions,coverage_percent,undercoverage_percent,overcoverage_percent,undercovered_direction_percent,overcovered_direction_percent,coverage_median_percent,coverage_p05_percent,coverage_p95_percent,coverage_sample_count,selected_for_downstream,coverage_percentile,coverage_rank_zero_based
0,0.9660780043172,1.0053003748587293,-0.03455766801720966,0.29469035485446904,-0.47941550570419755,0.4699098521619943,100,90.09983214946317,9.900167850536826,0.0,100.0,0.0,90.06663182335437,87.7662246563396,94.09254295559981,100,False,nan,nan
1,0.9825144682365344,0.929623799495723,-0.012778644958356712,0.2982676920599802,-0.4944778828763976,0.4868869366005173,100,89.53523182563478,10.464768174365224,0.0,100.0,0.0,89.81312662674026,86.18924290438767,92.9628502116097,100,False,nan,nan
2,0.9989520578908397,0.975109016519526,-0.011235131218365677,0.28675559690396746,-0.48341217107214385,0.4856504541106007,100,91.38122155598005,8.618778444019961,0.0,100.0,0.0,91.19879782426881,85.00175068152743,97.469808790518,100,False,nan,nan
3,0.9885977931250474,0.995759837439527,0.0243379523797482,0.3012272519530539,-0.4949384161537813,0.4900538501042633,100,86.37595587925196,13.624044120748058,0.0,100.0,0.0,89.90880700758743,76.88158720889746,91.94188055870424,100,False,nan,nan
4,1.006362194953985,1.011859076658021,0.01432637341301191,0.2739172353277427,-0.4746492565845425,0.4758520794625346,100,90.79831158435285,9.201688415647157,0.0,100.0,0.0,90.62877010688597,86.54689371515994,94.90322026605787,100,False,nan,nan
5,0.9671240977521779,0.976328754256601,-0.02731328936463283,0.301819122848086,-0.48560651137024413,0.4905051420006733,100,86.79949288259266,13.200507117407334,0.0,100.0,0.0,88.05115641360577,78.08547757244301,92.5657342664614,100,False,nan,nan
6,1.0373191020129346,0.9479957818288521,-0.0031421069079784697,0.3117002165024574,-0.48916234851970164,0.48663957850117545,100,87.92401346901782,12.07598653098216,0.0,100.0,0.0,87.87416053251734,82.20380174425614,94.04030603334655,100,True,30,15
7,1.013872228610965,1.0595605210117676,0.07920824336818849,0.30492740429513826,-0.48784552531018366,0.49296479611930033,100,88.4796927552773,11.520307244722707,0.0,100.0,0.0,86.59432827450335,85.62178674266808,94.58973914208234,100,False,nan,nan
8,1.048103158163912,0.9477910568662313,0.007018593862722355,0.2906073030445213,-0.48545533433211807,0.4997176732861306,100,88.61064989660578,11.389350103394216,0.0,100.0,0.0,87.82474906192168,85.34113853618102,92.6160876490785,100,False,nan,nan
9,0.9697233398145373,0.9464490409444454,-0.07677871973660795,0.26036457279560976,-0.47992880222227363,0.4208724005318132,100,90.65476908361441,9.345230916385596,0.0,100.0,0.0,90.80996597198165,86.87255920525303,94.72310522411438,100,False,nan,nan
10,1.0038273515041873,0.977815853117601,-0.02486441356465843,0.2945886285754191,-0.4481764631775731,0.48996023238994524,100,89.09273553032169,10.907264469678312,0.0,100.0,0.0,88.70089581269849,86.66198589147452,91.89026035367324,100,False,nan,nan
11,1.003344837365068,0.9790396862898186,0.011855806672224462,0.2676773532133986,-0.4664675652642206,0.4472833396118153,100,89.06220945348245,10.937790546517533,0.0,100.0,0.0,88.75409506193375,85.8754654553192,92.50123611469829,100,False,nan,nan
12,1.0229811873963832,0.9557291663353049,0.0008928722249459415,0.29710749396586467,-0.49536797699539714,0.49687425184594736,100,87.82167400491404,12.17832599508596,0.0,100.0,0.0,88.95346371362696,79.40443595688097,92.22125633715505,100,False,nan,nan
13,0.9494293026936969,1.0360197807913243,-0.04809228481822049,0.28103809398179325,-0.48699807648926396,0.4484533069621567,100,88.76444107684841,11.235558923151592,0.0,100.0,0.0,88.32855295159982,84.57721357520785,92.58429014651668,100,False,nan,nan
14,1.0232652085826983,0.9996922045030998,-0.05043616117140894,0.27565468728129916,-0.4890041713415195,0.4844021807035521,100,89.19255620512861,10.807443794871407,0.0,100.0,0.0,90.1987984592333,82.39655786963456,93.88011270853941,100,False,nan,nan
15,1.0031005066996226,1.0384061286436477,0.05515053376150542,0.312522778039947,-0.47873058914961286,0.49793411053333747,100,89.13670616843916,10.86329383156084,0.0,100.0,0.0,88.76210340083324,84.88736662100146,93.32278334078921,100,False,nan,nan
16,1.0298313441499565,0.9781360306088694,0.017373758433940345,0.30618430274883635,-0.4821260652665862,0.4949078226464353,100,86.45254398174109,13.547456018258899,0.0,100.0,0.0,87.5570804769742,80.54290837143736,90.66498180556286,100,False,nan,nan
17,1.0466015230889356,0.972504551422013,0.058156137993834206,0.28061828533312366,-0.4936141282831664,0.4811861780274235,100,90.13210624061311,9.867893759386877,0.0,100.0,0.0,91.69079418712596,83.6908449472572,93.78907730317347,100,True,90,44
18,0.981743255151313,1.0488351108846459,0.014311200036378107,0.3050755958931987,-0.47787644847100275,0.49712450015771115,100,86.79891129115522,13.201088708844766,0.0,100.0,0.0,90.28310224789273,76.46398579378837,93.6189273598788,100,True,10,5
19,0.9766270367619186,0.995036654993892,-0.056086437166264325,0.28544183725216693,-0.49022915258081634,0.48666259326714645,100,88.96461180299484,11.035388197005172,0.0,100.0,0.0,89.18453388905773,83.84565964867859,93.90756682705351,100,False,nan,nan
20,1.0237343248651734,1.0649910051796747,0.03051350602078704,0.2836146153391911,-0.46934749779419394,0.49633391605674193,100,88.63897179939919,11.361028200600824,0.0,100.0,0.0,88.36747013354741,85.13801411918261,93.40669261341863,100,False,nan,nan
21,0.9848491715209641,1.0495162025839093,-0.005795760625130959,0.30669430826131355,-0.4950600190655904,0.4866301229588469,100,87.81248772614687,12.187512273853121,0.0,100.0,0.0,92.17848825426414,77.847084190403,93.96356574431147,100,False,nan,nan
22,1.0189116175731452,0.9633066284688921,0.021572922629654726,0.2738876927446476,-0.49424133950187843,0.49941372577066656,100,88.85079429437992,11.149205705620068,0.0,100.0,0.0,87.77301534299768,86.052503269167,93.85991231032148,100,True,50,25
23,0.9798860438077799,0.9603604099041095,-0.017903044391661734,0.26732164082164594,-0.4763614139536636,0.4629268752375798,100,88.01509468546917,11.984905314530828,0.0,100.0,0.0,88.63827374479094,82.30168358779389,91.96492120053216,100,False,nan,nan
24,0.9922824769911341,0.9961267389486665,0.011985710928828046,0.2896900335017247,-0.4398576573992148,0.49413936122116753,100,88.98736489356114,11.012635106438875,0.0,100.0,0.0,89.84109458030973,83.90797597807541,92.18014022707119,100,False,nan,nan
25,1.0378434074338159,1.0046105880938148,-0.00292611077528032,0.3005083935925167,-0.474188093050513,0.49486631716976714,100,88.39043688066047,11.609563119339546,0.0,100.0,0.0,88.9331368034908,81.62970158637624,92.56509292714888,100,False,nan,nan
26,0.9834842590336884,1.0035864998157258,-0.020284484956105766,0.29489726177197406,-0.4889687355713528,0.4966968538529768,100,86.71065264031961,13.289347359680399,0.0,100.0,0.0,86.44677848544455,80.54854157234215,93.90776872217383,100,False,nan,nan
27,0.9894151206713666,1.0443231176228627,-0.025178952675334598,0.2926650255511418,-0.48789152476511255,0.47997032935885064,100,87.50313260165186,12.49686739834816,0.0,100.0,0.0,89.23811744740424,80.45943780168757,93.44011696126276,100,False,nan,nan
28,1.0118234791132357,0.9788869457594728,0.045470626497670044,0.2900360598532734,-0.49477038645708726,0.4963343376272473,100,87.63108108040178,12.368918919598222,0.0,100.0,0.0,86.96503733895798,83.37340224667865,92.7777965198545,100,False,nan,nan
29,1.0225748030037631,0.9774618022662143,-0.0006196314806772111,0.26343815411003346,-0.4967817363957213,0.49834751139294964,100,89.09346503048342,10.906534969516605,0.0,100.0,0.0,90.7127626617573,83.13689971239454,93.03032478872005,100,False,nan,nan
30,0.9535509594647191,0.9906346896096416,-0.0330642731034145,0.29498337582417755,-0.4781766032245105,0.48129709049724667,100,89.28451439818815,10.715485601811848,0.0,100.0,0.0,89.43898929262943,85.0820649361276,93.14018309201052,100,True,70,34
31,1.0075267528942102,0.9705205629911761,0.021709566176256804,0.2872972855583644,-0.4728325787744402,0.4849896561408751,100,90.95698295575002,9.043017044249975,0.0,100.0,0.0,91.74661964340287,86.41923272363398,95.17210963485914,100,False,nan,nan
32,1.0097725592092341,0.9707675091922284,0.02173142962129614,0.2768117033787672,-0.48739248002424096,0.4841103190364978,100,89.9815903622544,10.018409637745625,0.0,100.0,0.0,89.83753701117865,85.22188343574463,94.86117611472694,100,False,nan,nan
33,1.0114466604602448,1.028866103242921,0.020354940868624306,0.3044944543276503,-0.4875959637226852,0.49543751619130993,100,86.73208171227574,13.267918287724282,0.0,100.0,0.0,88.77126585021904,79.67839201746082,91.54199782940447,100,False,nan,nan
34,1.019161845791789,0.9250543993023104,-0.04086298564259325,0.2698002436307678,-0.4944942008395792,0.47153269090105066,100,88.64411646795703,11.355883532042979,0.0,100.0,0.0,88.61868737549034,83.97412052968133,92.94530684443822,100,False,nan,nan
35,0.9685388279890749,1.0140361666225868,-0.019720269421120054,0.2848285680916379,-0.4984348948085271,0.49281683899907036,100,89.88728023128054,10.112719768719458,0.0,100.0,0.0,90.4625519533912,86.45563774572868,92.96440982509631,100,False,nan,nan
36,1.0039223263995325,1.0136938847552823,-0.015549521353496484,0.28089368525148084,-0.4766479036718141,0.48803596615559186,100,88.99086417467265,11.009135825327329,0.0,100.0,0.0,88.65435009941393,86.1617550449662,92.24114262401335,100,False,nan,nan
37,0.9888559509274295,1.0068760547446818,0.039706641300422216,0.27638131499982727,-0.4605404671091007,0.4938483888996982,100,89.32788130773287,10.672118692267127,0.0,100.0,0.0,88.76941356835533,84.8188573747001,94.22454691768519,100,False,nan,nan
38,1.0259610109903612,0.9678252134261575,0.005739258733858988,0.3069775523583236,-0.4911367148865311,0.4978208556819782,100,87.8507342113913,12.149265788608698,0.0,100.0,0.0,88.14552361426212,84.50574421219407,90.9004811680734,100,False,nan,nan
39,0.9849484402555997,1.076868616514232,-0.0026605846381163823,0.2882836601735533,-0.4998653069955147,0.4789811151748089,100,89.34917893752434,10.650821062475677,0.0,100.0,0.0,91.07090828126557,81.21399806962647,94.72843140697121,100,False,nan,nan
40,1.013516873844008,0.9528963513024475,-0.036204619288088415,0.27387746733014384,-0.49007617887216437,0.4760138232792136,100,89.77900820265936,10.22099179734063,0.0,100.0,0.0,89.0024937791501,86.79346914994093,94.18794542086974,100,False,nan,nan
41,1.009129528406491,0.9828984313778095,-0.03299121652729123,0.2995727350825322,-0.49864637428453185,0.49132790156422057,100,89.75323273938406,10.246767260615933,0.0,100.0,0.0,89.6467065897676,87.65943470109816,91.87448463114991,100,False,nan,nan
42,1.0193693395498462,0.9725507980407946,0.02901348931127268,0.31703501266558537,-0.4909615309207078,0.49481929396595103,100,88.00083681305492,11.999163186945086,0.0,100.0,0.0,87.18356300349784,84.46756078637004,94.00447243686473,100,False,nan,nan
43,1.001966216456782,0.9513391766721466,-0.003957892508435309,0.2853333408539434,-0.49998836524463386,0.4509285945025484,100,87.33466113397034,12.665338866029648,0.0,100.0,0.0,89.02222552591711,80.10299212937872,92.34611495530295,100,False,nan,nan
44,1.0197601033251826,1.0431530130120077,0.061692092066143026,0.2776176711368625,-0.4985261779136886,0.4848584027624758,100,88.75431716653571,11.245682833464286,0.0,100.0,0.0,87.8361486058967,85.9619283777593,93.79380272074724,100,False,nan,nan
45,1.0000628555792699,1.0295035166779292,-0.010411662489018451,0.2799848504691575,-0.48858201654592637,0.47025710972605705,100,89.34152806151675,10.658471938483258,0.0,100.0,0.0,90.30687820898076,83.43105047184056,93.79536204867026,100,False,nan,nan
46,0.9908920982885167,0.9599877572318781,-0.015332204235430153,0.2991294294423947,-0.491680057772808,0.48036874094218507,100,86.85588065138768,13.14411934861231,0.0,100.0,0.0,87.00248574484625,81.8795850178735,91.91069713077812,100,False,nan,nan
47,1.018246988825811,0.976296466454135,-0.003091586360090161,0.2817929916629846,-0.490945838419629,0.4514907101767872,100,87.64758599312597,12.352414006874012,0.0,100.0,0.0,88.81358087304909,81.23098483204798,91.68056536297335,100,False,nan,nan
48,1.0194141040018396,0.9851293378679651,-0.04748421042520138,0.28211159140898684,-0.49800786478092973,0.45281501700250604,100,86.74409318825904,13.255906811740987,0.0,100.0,0.0,86.58569879511644,81.64035241761523,90.81697549759409,100,False,nan,nan
49,0.9571745168520006,1.0109561038681347,-0.009032015996469822,0.27317028416503236,-0.4900212233415506,0.4680658120507589,100,90.72441734095344,9.275582659046568,0.0,100.0,0.0,90.52660155806085,88.2863836229499,94.70893911974404,100,False,nan,nan
