ts_load_factor,dso_dtheta_level,dso_scenario_index,dso_load_factor,dso_active_load_factor,dso_reactive_load_factor,dtheta_mean,dtheta_std,dtheta_min,dtheta_max,dso_current_limits_enabled,nominal_host_pcc_p_mw,nominal_host_pcc_q_mvar,current_multiplier,base_cost,pinn_cost,true_cost,base_solve_time_s,pinn_solve_time_s,true_solve_time_s,pinn_true_cost_gap,pinn_true_relative_cost_gap_percent,true_flexibility_value,pinn_flexibility_value,value_retention_percent,cost_order_ok,all_economic_optimization_success,base_feasible_solution,pinn_feasible_solution,true_feasible_solution,base_optimization_success,pinn_optimization_success,true_optimization_success,pinn_disaggregation_squared_error,pinn_disaggregation_solved,pinn_disaggregation_feasible,pinn_disaggregation_optimization_success,pinn_disaggregation_termination,pinn_disaggregation_solve_time_s,pinn_true_pcc_distance_pu,pinn_true_pg_l1_mw,pinn_true_pg_linf_mw,pinn_true_qg_l1_mvar,pinn_true_qg_linf_mvar,true_current_limit_active_rate,reference_max_current_pu,allowed_max_current_pu,true_pcc_p_pu_dsbase,true_pcc_q_pu_dsbase,base_max_tso_branch_utilization_percent,pinn_max_tso_branch_utilization_percent,true_max_tso_branch_utilization_percent,base_tso_branch_ge99_utilization_ratio_percent,pinn_tso_branch_ge99_utilization_ratio_percent,true_tso_branch_ge99_utilization_ratio_percent,n_directions,coverage_percent,undercoverage_percent,overcoverage_percent,undercovered_direction_percent,overcovered_direction_percent,coverage_median_percent,coverage_p05_percent,coverage_p95_percent,coverage_sample_count,coverage_percentile,coverage_rank_zero_based
0.8,nan,18,0.981743255151313,0.981743255151313,1.0488351108846459,0.014311200036378107,0.3050755958931987,-0.47787644847100275,0.49712450015771115,False,166.0823229306314,102.914859071622,2.0,11528.904121570567,11493.923628999897,11491.452245142573,0.053953800117596984,0.10892000002786517,0.3122733999043703,2.4713838573243265,0.021506279664251997,37.45187642799465,34.98049257067032,93.40117480608527,True,True,True,True,True,True,True,True,5.4198473351055886e-11,True,True,True,optimal,0.2990486000198871,0.0077557854790247065,0.06803767917716846,0.06803767908420966,0.035542258173550285,0.03331605910790181,nan,nan,nan,0.28809308925763766,0.19163885915017828,79.42902840416475,79.32248489105346,79.31507170030577,0.0,0.0,0.0,100,86.79891129115522,13.201088708844766,0.0,100.0,0.0,90.28310224789273,76.46398579378837,93.6189273598788,100,10,5
0.9,nan,18,0.981743255151313,0.981743255151313,1.0488351108846459,0.014311200036378107,0.3050755958931987,-0.47787644847100275,0.49712450015771115,False,166.0823229306314,102.914859071622,2.0,13470.209444505843,13433.212863228764,13430.609366674047,0.0596309001557529,0.06988340010866523,0.2615679001901299,2.603496554716912,0.019384798437940432,39.600077831795716,36.9965812770788,93.42552667250943,True,True,True,True,True,True,True,True,5.419848462898718e-11,True,True,True,optimal,0.2656435000244528,0.007731915819931153,0.06600275170455389,0.0434082023447982,0.054731742872309724,0.04774173003294635,nan,nan,nan,0.2880942889726415,0.19159477105004838,88.28738232774027,88.30597697157927,88.30691580235256,0.0,0.0,0.0,100,86.79891129115522,13.201088708844766,0.0,100.0,0.0,90.28310224789273,76.46398579378837,93.6189273598788,100,10,5
1.0,nan,18,0.981743255151313,0.981743255151313,1.0488351108846459,0.014311200036378107,0.3050755958931987,-0.47787644847100275,0.49712450015771115,False,166.0823229306314,102.914859071622,2.0,15476.323479255117,15438.564152414387,15435.914781258978,0.0673186001367867,0.0753071999642998,0.4570872001349926,2.6493711554085166,0.017163680889357887,40.40869799613938,37.759326840730864,93.44356218638464,True,True,True,True,True,True,True,True,5.419848991505495e-11,True,True,True,optimal,0.27111049997620285,0.007715978568669909,0.06604188690604862,0.0434131239101021,0.05395069737220426,0.047086093753545555,nan,nan,nan,0.2880951725166535,0.1915652791724115,91.9726639637801,91.99388553676775,91.99472479862895,0.0,0.0,0.0,100,86.79891129115522,13.201088708844766,0.0,100.0,0.0,90.28310224789273,76.46398579378837,93.6189273598788,100,10,5
1.1,nan,18,0.981743255151313,0.981743255151313,1.0488351108846459,0.014311200036378107,0.3050755958931987,-0.47787644847100275,0.49712450015771115,False,166.0823229306314,102.914859071622,2.0,17521.335226571442,17482.80772476156,17480.11225903758,0.07500159996561706,0.06808939995244145,0.27401369996368885,2.6954657239766675,0.015420185431492614,41.222967533860356,38.52750180988369,93.46125258507257,True,True,True,True,True,True,True,True,5.4198494648454865e-11,True,True,True,optimal,0.2905555998440832,0.00770028292509651,0.0660824008023142,0.043419765387808784,0.05316884255497645,0.04642732241117997,nan,nan,nan,0.2880961075130669,0.19153619036296415,95.70594616846009,95.72969468610758,95.73044098522857,0.0,0.0,0.0,100,86.79891129115522,13.201088708844766,0.0,100.0,0.0,90.28310224789273,76.46398579378837,93.6189273598788,100,10,5
1.2,nan,18,0.981743255151313,0.981743255151313,1.0488351108846459,0.014311200036378107,0.3050755958931987,-0.47787644847100275,0.49712450015771115,False,166.0823229306314,102.914859071622,2.0,19606.28952529304,19566.897839173766,19564.149310908022,0.07185579999350011,0.06440109992399812,0.2317254999652505,2.7485282657435164,0.014048800293151873,42.140214385017316,39.3916861192738,93.47765950920093,True,True,True,True,True,True,True,True,5.4198498820711275e-11,True,True,True,optimal,0.290165200131014,0.00768609192036513,0.06509845882878285,0.06509845680586768,0.06155770300488306,0.052925057422026356,nan,nan,nan,0.28809700852124986,0.19150985204742974,98.61301632940382,98.69329622430116,98.6980929682259,0.0,0.0,0.0,100,86.79891129115522,13.201088708844766,0.0,100.0,0.0,90.28310224789273,76.46398579378837,93.6189273598788,100,10,5
0.8,nan,6,1.0373191020129346,1.0373191020129346,0.9479957818288521,-0.0031421069079784697,0.3117002165024574,-0.48916234851970164,0.48663957850117545,False,166.0823229306314,102.914859071622,2.0,11536.335683815636,11499.070575165937,11496.881496332418,0.06281579984351993,0.09642120008356869,0.21882419986650348,2.189078833518579,0.019040631446161374,39.45418748321754,37.26510864969896,94.45159316878662,True,True,True,True,True,True,True,True,4.7368138085037965e-11,True,True,True,optimal,0.3286025000270456,0.006147483692363404,0.06025610757971023,0.06025610749613719,0.00956203446034233,0.00554939513528474,nan,nan,nan,0.3028370024271884,0.17522403553096733,79.45110934684925,79.33785099022866,79.33126631166655,0.0,0.0,0.0,100,87.92401346901782,12.07598653098216,0.0,100.0,0.0,87.87416053251734,82.20380174425614,94.04030603334655,100,30,15
0.9,nan,6,1.0373191020129346,1.0373191020129346,0.9479957818288521,-0.0031421069079784697,0.3117002165024574,-0.48916234851970164,0.48663957850117545,False,166.0823229306314,102.914859071622,2.0,13478.016020949337,13438.626624436236,13436.318685952234,0.06244800006970763,0.06466979999095201,0.3428946998901665,2.3079384840020793,0.017176866208264658,41.6973349971031,39.38939651310102,94.46502160350914,True,True,True,True,True,True,True,True,4.7368143133481956e-11,True,True,True,optimal,0.3200846000108868,0.006133495685434975,0.058489210233979294,0.038825582916089674,0.018353396402021743,0.018138098307618478,nan,nan,nan,0.3028381126939895,0.17518319026226942,88.28502951360747,88.30428840592998,88.30519025691372,0.0,0.0,0.0,100,87.92401346901782,12.07598653098216,0.0,100.0,0.0,87.87416053251734,82.20380174425614,94.04030603334655,100,30,15
1.0,nan,6,1.0373191020129346,1.0373191020129346,0.9479957818288521,-0.0031421069079784697,0.3117002165024574,-0.48916234851970164,0.48663957850117545,False,166.0823229306314,102.914859071622,2.0,15484.257158754062,15444.06785566124,15441.717806440956,0.08356690010987222,0.07332540000788867,0.33292379998601973,2.350049220283836,0.01521883283803825,42.539352313106065,40.18930309282223,94.47558767941138,True,True,True,True,True,True,True,True,4.7368145467486754e-11,True,True,True,optimal,0.319516200106591,0.0061241914931738466,0.05855962557889671,0.03886649539854292,0.01741482014670781,0.017337929168759203,nan,nan,nan,0.3028389313110881,0.17515583755557332,91.97099733533078,91.99260710453186,91.99347376105445,0.0,0.0,0.0,100,87.92401346901782,12.07598653098216,0.0,100.0,0.0,87.87416053251734,82.20380174425614,94.04030603334655,100,30,15
1.1,nan,6,1.0373191020129346,1.0373191020129346,0.9479957818288521,-0.0031421069079784697,0.3117002165024574,-0.48916234851970164,0.48663957850117545,False,166.0823229306314,102.914859071622,2.0,17529.39633793598,17488.40164104046,17486.00925009517,0.07405429985374212,0.06722530000843108,0.3765288998838514,2.3923909452896623,0.01368174356465379,43.387087840812455,40.99469689552279,94.48593794986341,True,True,True,True,True,True,True,True,4.7368147601542534e-11,True,True,True,optimal,0.3625473999418318,0.006115064336879215,0.058630962715044976,0.03890894470398587,0.016595995571910827,0.016535675188444898,nan,nan,nan,0.3028397976733652,0.17512885835609904,95.70493557667407,95.7288082021478,95.72964340626268,0.0,0.0,0.0,100,87.92401346901782,12.07598653098216,0.0,100.0,0.0,87.87416053251734,82.20380174425614,94.04030603334655,100,30,15
1.2,nan,6,1.0373191020129346,1.0373191020129346,0.9479957818288521,-0.0031421069079784697,0.3117002165024574,-0.48916234851970164,0.48663957850117545,False,166.0823229306314,102.914859071622,2.0,19614.50103973331,19572.59681200823,19570.155911339636,0.060120899928733706,0.06173519999720156,0.3058581999503076,2.4409006685928034,0.012472566287417566,44.345128393673804,41.904227725081,94.49567346626283,True,True,True,True,True,True,True,True,4.736814954036557e-11,True,True,True,optimal,0.34886559983715415,0.006106851566214906,0.05780855179298161,0.0578085500715142,0.023526630398079673,0.02197283606237832,nan,nan,nan,0.30284063171744247,0.17510445497966426,98.59977874143821,98.68394289014007,98.68835534327476,0.0,0.0,0.0,100,87.92401346901782,12.07598653098216,0.0,100.0,0.0,87.87416053251734,82.20380174425614,94.04030603334655,100,30,15
0.8,nan,22,1.0189116175731452,1.0189116175731452,0.9633066284688921,0.021572922629654726,0.2738876927446476,-0.49424133950187843,0.49941372577066656,False,166.0823229306314,102.914859071622,2.0,11533.547477834703,11497.44366865229,11494.992535847676,0.06505699991248548,0.07477389997802675,0.25170669984072447,2.451132804613735,0.02132348322080038,38.55494198702763,36.1038091824139,93.64249385866421,True,True,True,True,True,True,True,True,3.0273407735966396e-11,True,True,True,optimal,0.2781211999244988,0.0065352976953220445,0.06747294303714013,0.06747294294315864,0.02443862879861992,0.014713261958032575,nan,nan,nan,0.2977873335559648,0.17781686915790135,79.44273933216107,79.33298472022594,79.32559465437959,0.0,0.0,0.0,100,88.85079429437992,11.149205705620068,0.0,100.0,0.0,87.77301534299768,86.052503269167,93.85991231032148,100,50,25
0.9,nan,22,1.0189116175731452,1.0189116175731452,0.9633066284688921,0.021572922629654726,0.2738876927446476,-0.49424133950187843,0.49941372577066656,False,166.0823229306314,102.914859071622,2.0,13475.079812998712,13436.914434305198,13434.328264749814,0.06922419997863472,0.07779329991899431,0.2685473000165075,2.586169555383094,0.01925045677325688,40.75154824889796,38.16537869351487,93.65381275924153,True,True,True,True,True,True,True,True,3.027341138905244e-11,True,True,True,optimal,0.2394377999007702,0.006528483056801035,0.06552573490109237,0.043809940861846974,0.005754006827156377,0.004979256319541381,nan,nan,nan,0.29778861018728203,0.1777699139773406,88.28615023328959,88.30485577016803,88.30592767490477,0.0,0.0,0.0,100,88.85079429437992,11.149205705620068,0.0,100.0,0.0,87.77301534299768,86.052503269167,93.85991231032148,100,50,25
1.0,nan,22,1.0189116175731452,1.0189116175731452,0.9633066284688921,0.021572922629654726,0.2738876927446476,-0.49424133950187843,0.49941372577066656,False,166.0823229306314,102.914859071622,2.0,15481.267998344332,15442.326526695259,15439.691907091415,0.07477459986694157,0.08138109999708831,0.2643244999926537,2.6346196038430207,0.017063938967803793,41.57609125291674,38.94147164907372,93.66313781683796,True,True,True,True,True,True,True,True,3.027341309317633e-11,True,True,True,optimal,0.23315480002202094,0.006524020541794995,0.06563582532821965,0.04388762555905257,0.007015538564224266,0.005157100609719245,nan,nan,nan,0.2977895510627934,0.17773848222812658,91.97204885405,91.99307018010828,91.99414890718221,0.0,0.0,0.0,100,88.85079429437992,11.149205705620068,0.0,100.0,0.0,87.77301534299768,86.052503269167,93.85991231032148,100,50,25
1.1,nan,22,1.0189116175731452,1.0189116175731452,0.9633066284688921,0.021572922629654726,0.2738876927446476,-0.49424133950187843,0.49941372577066656,False,166.0823229306314,102.914859071622,2.0,17526.353977101582,17486.631070783096,17483.947711117067,0.07069710013456643,0.11382089997641742,0.3218127000145614,2.6833596660289913,0.01534756171984427,42.4062659845149,39.72290631848591,93.67225667308495,True,True,True,True,True,True,True,True,3.0273414618740374e-11,True,True,True,optimal,0.23843779996968806,0.00651969729149995,0.06574668062844236,0.043967035412317834,0.008278196816610683,0.005334364322792662,nan,nan,nan,0.2977905467791408,0.1777074802879742,95.70592142788982,95.72917169058556,95.73025957318661,0.0,0.0,0.0,100,88.85079429437992,11.149205705620068,0.0,100.0,0.0,87.77301534299768,86.052503269167,93.85991231032148,100,50,25
1.2,nan,22,1.0189116175731452,1.0189116175731452,0.9633066284688921,0.021572922629654726,0.2738876927446476,-0.49424133950187843,0.49941372577066656,False,166.0823229306314,102.914859071622,2.0,19611.39709906328,19570.79232572235,19568.053404234484,0.06744110002182424,0.07461690017953515,0.2871159000787884,2.7389214878639905,0.013996903173165369,43.34369482879629,40.6047733409323,93.68092291466502,True,True,True,True,True,True,True,True,3.0273415966010267e-11,True,True,True,optimal,0.30003320006653666,0.006515852650849664,0.06486808602750305,0.06486808411285683,0.006452110328047933,0.0035788447971696336,nan,nan,nan,0.2977915056659488,0.1776794291271126,98.60531790714984,98.68697777435162,98.69206291240373,0.0,0.0,0.0,100,88.85079429437992,11.149205705620068,0.0,100.0,0.0,87.77301534299768,86.052503269167,93.85991231032148,100,50,25
0.8,nan,30,0.9535509594647191,0.9535509594647191,0.9906346896096416,-0.0330642731034145,0.29498337582417755,-0.4781766032245105,0.48129709049724667,False,166.0823229306314,102.914859071622,2.0,11524.260865341734,11491.581157662053,11488.555494367365,0.060032299952581525,0.07807240006513894,0.2982871998101473,3.025663294687547,0.026336324842326574,35.705370974368634,32.67970767968109,91.52602756358549,True,True,True,True,True,True,True,True,1.9960099045319785e-11,True,True,True,optimal,0.3509633999783546,0.007994004555326648,0.08330371614905446,0.08330371603362252,0.043825963184535105,0.029084166972426218,nan,nan,nan,0.2806925187194307,0.18213530409995704,79.414793992169,79.31534378590307,79.30621127541902,0.0,0.0,0.0,100,89.28451439818815,10.715485601811848,0.0,100.0,0.0,89.43898929262943,85.0820649361276,93.14018309201052,100,70,34
0.9,nan,30,0.9535509594647191,0.9535509594647191,0.9906346896096416,-0.0330642731034145,0.29498337582417755,-0.4781766032245105,0.48129709049724667,False,166.0823229306314,102.914859071622,2.0,13465.293404070162,13430.732669788982,13427.538907461014,0.05294179986231029,0.06852700002491474,0.30504009989090264,3.1937623279682157,0.02378516532313752,37.75449660914819,34.560734281179975,91.5407100747985,True,True,True,True,True,True,True,True,1.9960101808607643e-11,True,True,True,optimal,0.33891399996355176,0.007991529190843285,0.08091680386239225,0.054260696864601166,0.02057121845188692,0.011750096631590878,nan,nan,nan,0.2806937331132311,0.18209064060738797,88.29006036057946,88.30728409844626,88.30863927498008,0.0,0.0,0.0,100,89.28451439818815,10.715485601811848,0.0,100.0,0.0,89.43898929262943,85.0820649361276,93.14018309201052,100,70,34
1.0,nan,30,0.9535509594647191,0.9535509594647191,0.9906346896096416,-0.0330642731034145,0.29498337582417755,-0.4781766032245105,0.48129709049724667,False,166.0823229306314,102.914859071622,2.0,15471.30130672307,15436.031740947137,15432.777501418948,0.05667140008881688,0.11095439991913736,0.2664863998070359,3.2542395281889185,0.021086544712315792,38.5238053041212,35.26956577593228,91.5526529570515,True,True,True,True,True,True,True,True,1.996010309995464e-11,True,True,True,optimal,0.3477480001747608,0.00798993119515713,0.08106872482778194,0.05437077134495816,0.022060358980265093,0.013042774463745133,nan,nan,nan,0.2806946270411391,0.18206078126910125,91.97586707197884,91.995408106247,91.99679466637318,0.0,0.0,0.0,100,89.28451439818815,10.715485601811848,0.0,100.0,0.0,89.43898929262943,85.0820649361276,93.14018309201052,100,70,34
1.1,nan,30,0.9535509594647191,0.9535509594647191,0.9906346896096416,-0.0330642731034145,0.29498337582417755,-0.4781766032245105,0.48129709049724667,False,166.0823229306314,102.914859071622,2.0,17516.206084918827,17480.222705184748,17476.90762281052,0.054431599797680974,0.081312500173226,0.32789699989371,3.3150823742289504,0.018968357822651473,39.29846210830874,35.98337973407979,91.56434578764838,True,True,True,True,True,True,True,True,1.9960104241895522e-11,True,True,True,optimal,0.31353239994496107,0.007988399813322295,0.08122125079782494,0.05448272776861218,0.023550879126968405,0.0143369276552896,nan,nan,nan,0.2806955730904159,0.18203132945634942,95.70965377942228,95.73142437444844,95.73284367677134,0.0,0.0,0.0,100,89.28451439818815,10.715485601811848,0.0,100.0,0.0,89.43898929262943,85.0820649361276,93.14018309201052,100,70,34
1.2,nan,30,0.9535509594647191,0.9535509594647191,0.9906346896096416,-0.0330642731034145,0.29498337582417755,-0.4781766032245105,0.48129709049724667,False,166.0823229306314,102.914859071622,2.0,19601.040598537522,19564.254036397448,19560.8698253573,0.0736862001940608,0.08549969992600381,0.3640767000615597,3.384211040149239,0.017300923069188838,40.17077318022348,36.78656214007424,91.57543962381256,True,True,True,True,True,True,True,True,1.9960105234222492e-11,True,True,True,optimal,0.32366549992002547,0.007987051005843094,0.08015716866736078,0.08015716625782154,0.014200529674013307,0.007159839342207874,nan,nan,nan,0.28069648524793933,0.18200464934414612,98.62419432283943,98.69880531678635,98.70515482871456,0.0,0.0,0.0,100,89.28451439818815,10.715485601811848,0.0,100.0,0.0,89.43898929262943,85.0820649361276,93.14018309201052,100,70,34
0.8,nan,17,1.0466015230889356,1.0466015230889356,0.972504551422013,0.058156137993834206,0.28061828533312366,-0.4936141282831664,0.4811861780274235,False,166.0823229306314,102.914859071622,2.0,11537.926702238685,11499.947843424537,11497.336965925928,0.09321160009130836,0.0781864000018686,0.22961929999291897,2.610877498609625,0.022708541172163168,40.58973631275694,37.978858814147316,93.56764114333738,True,True,True,True,True,True,True,True,3.4214627836636075e-11,True,True,True,optimal,0.33464370016008615,0.00742466564531212,0.07186499452602844,0.07186499442637384,0.01429016436024855,0.010466816652510147,nan,nan,nan,0.303925619422853,0.17964113520042743,79.4560016489129,79.34054419085793,79.3326939342309,0.0,0.0,0.0,100,90.13210624061311,9.867893759386877,0.0,100.0,0.0,91.69079418712596,83.6908449472572,93.78907730317347,100,90,44
0.9,nan,17,1.0466015230889356,1.0466015230889356,0.972504551422013,0.058156137993834206,0.28061828533312366,-0.4936141282831664,0.4811861780274235,False,166.0823229306314,102.914859071622,2.0,13479.701545026739,13439.557471706847,13436.805216322316,0.08045520004816353,0.09135810006409883,0.33786490000784397,2.7522553845301445,0.020482959604019944,42.89632870442256,40.144073319892414,93.58393720941814,True,True,True,True,True,True,True,True,3.421463183364884e-11,True,True,True,optimal,0.30333749996498227,0.0074063290468401755,0.06975180590367488,0.04624433082685217,0.026714707750531697,0.025500393671862298,nan,nan,nan,0.30392695608791265,0.1795919842743833,88.28406434063461,88.30372635050894,88.30479065381432,0.0,0.0,0.0,100,90.13210624061311,9.867893759386877,0.0,100.0,0.0,91.69079418712596,83.6908449472572,93.78907730317347,100,90,44
1.0,nan,17,1.0466015230889356,1.0466015230889356,0.972504551422013,0.058156137993834206,0.28061828533312366,-0.4936141282831664,0.4811861780274235,False,166.0823229306314,102.914859071622,2.0,15485.98007051342,15445.019764854396,15442.217523157198,0.05270729982294142,0.07314449991099536,0.2934020000975579,2.802241697198042,0.018146627535817257,43.76254735622206,40.960305659024016,93.5967125624838,True,True,True,True,True,True,True,True,3.421463369763934e-11,True,True,True,optimal,0.2828292001504451,0.007394121160237963,0.06983005703987688,0.04628738215101125,0.025625586234893916,0.024573794199911347,nan,nan,nan,0.3039279416146313,0.17955906715481376,91.9698154540038,91.99191056898682,91.99292444219387,0.0,0.0,0.0,100,90.13210624061311,9.867893759386877,0.0,100.0,0.0,91.69079418712596,83.6908449472572,93.78907730317347,100,90,44
1.1,nan,17,1.0466015230889356,1.0466015230889356,0.972504551422013,0.058156137993834206,0.28061828533312366,-0.4936141282831664,0.4811861780274235,False,166.0823229306314,102.914859071622,2.0,17531.15694851564,17489.37479392026,17486.522295771258,0.06259920005686581,0.08001739997416735,0.2580661999527365,2.852498149000894,0.0163125526091069,44.63465274438204,41.782154595381144,93.6092296598859,True,True,True,True,True,True,True,True,3.421463538424395e-11,True,True,True,optimal,0.2756606999319047,0.007382137714410538,0.06990946618632421,0.04633227717958377,0.024535445042037085,0.02364459487886883,nan,nan,nan,0.3039289845576387,0.17952660054053896,95.7035455562118,95.72798252463821,95.72895079869387,0.0,0.0,0.0,100,90.13210624061311,9.867893759386877,0.0,100.0,0.0,91.69079418712596,83.6908449472572,93.78907730317347,100,90,44
1.2,nan,17,1.0466015230889356,1.0466015230889356,0.972504551422013,0.058156137993834206,0.28061828533312366,-0.4936141282831664,0.4811861780274235,False,166.0823229306314,102.914859071622,2.0,19616.30376704246,19573.5934780643,19570.68334773571,0.06276980019174516,0.09202790004201233,0.27431289991363883,2.91013032858973,0.014869845252114952,45.62041930674968,42.71028897815995,93.62099171201794,True,True,True,True,True,True,True,True,3.421463689347513e-11,True,True,True,optimal,0.2688756000716239,0.007371348731889342,0.0689208634622629,0.0689208614088832,0.032996760651393675,0.030172844591724868,nan,nan,nan,0.30392998848091907,0.1794972364384272,98.59583617935594,98.68171199138295,98.68694833374401,0.0,0.0,0.0,100,90.13210624061311,9.867893759386877,0.0,100.0,0.0,91.69079418712596,83.6908449472572,93.78907730317347,100,90,44
